Code,Name,CurrencyCode,CurrencyName,CurrencySign,Importance,ContinentCode,PhonePrefix,IsEuropeanUnion,Capital
AD,Andorra,EUR,Euro,€,0,EU,376,FALSE,Andorra la Vella
AE,United Arab Emirates,AED,UAE Dirham,د.إ,0,AS,971,FALSE,Abu Dhabi
AF,Afghanistan,AFN,Afghani,؋,0,AS,93,FALSE,Kabul
AG,Antigua and Barbuda,XCD,East Caribbean Dollar,$,0,NA,-267,FALSE,Saint John's
AI,Anguilla,XCD,East Caribbean Dollar,$,0,NA,-263,FALSE,The Valley
AL,Albania,ALL,Lek,L,0,EU,355,FALSE,Tirana
AM,Armenia,AMD,Armenian Dram,֏,0,AS,374,FALSE,Yerevan
AO,Angola,AOA,Kwanza,Kz,0,AF,244,FALSE,Luanda
AQ,Antarctica,,,,0,AN,672,FALSE,
AR,Argentina,ARS,Argentine Peso,$,0,SA,54,FALSE,Buenos Aires
AS,American Samoa,USD,US Dollar,$,0,OC,-683,FALSE,Pago Pago
AT,Austria,EUR,Euro,€,0,EU,43,TRUE,Vienna
AU,Australia,AUD,Australian Dollar,$,1,OC,61,FALSE,Canberra
AW,Aruba,AWG,Aruban Florin,ƒ,0,NA,297,FALSE,Oranjestad
AX,Aland Islands,EUR,Euro,€,0,EU,,FALSE,Mariehamn
AZ,Azerbaijan,AZN,Azerbaijanian Manat,Azeri manat symbol.svg,0,AS,994,FALSE,Baku
BA,Bosnia and Herzegovina,BAM,Convertible Mark,KM or КМ,0,EU,387,FALSE,Sarajevo
BB,Barbados,BBD,Barbados Dollar,$,0,NA,-245,FALSE,Bridgetown
BD,Bangladesh,BDT,Taka,৳,0,AS,880,FALSE,Dhaka
BE,Belgium,EUR,Euro,€,0,EU,32,TRUE,Brussels
BF,Burkina Faso,XOF,CFA Franc BCEAO,Fr,0,AF,226,FALSE,Ouagadougou
BG,Bulgaria,BGN,Bulgarian Lev,лв,0,EU,359,TRUE,Sofia
BH,Bahrain,BHD,Bahraini Dinar,.د.ب,0,AS,973,FALSE,Manama
BI,Burundi,BIF,Burundi Franc,Fr,0,AF,257,FALSE,Bujumbura
BJ,Benin,XOF,CFA Franc BCEAO,Fr,0,AF,229,FALSE,Porto-Novo
BL,Saint Barthelemy,EUR,Euro,€,0,NA,,FALSE,Gustavia
BM,Bermuda,BMD,Bermudian Dollar,$,0,NA,-440,FALSE,Hamilton
BN,Brunei Darussalam,BND,Brunei Dollar,$,0,AS,673,FALSE,Bandar Seri Begawan
BO,Bolivia,BOB,Boliviano,Bs.,0,SA,591,FALSE,La Paz
BQ,Bonaire,USD,US Dollar,$,0,SA,,FALSE,
BR,Brazil,BRL,Brazilian Real,R$,0,SA,55,FALSE,Brasilia
BS,Bahamas,BSD,Bahamian Dollar,$,0,NA,-241,FALSE,Nassau
BT,Bhutan,BTN,Ngultrum,Nu.,0,AS,975,FALSE,Thimphu
BV,Bouvet Island,NOK,Norwegian Krone,kr,0,AN,,FALSE,
BW,Botswana,BWP,Pula,P,0,AF,267,FALSE,Gaborone
BY,Belarus,BYR,Belarussian Ruble,Br,0,EU,375,FALSE,Minsk
BZ,Belize,BZD,Belize Dollar,$,0,NA,501,FALSE,Belmopan
CA,Canada,CAD,Canadian Dollar,$,1,NA,1,FALSE,Ottawa
CC,Cocos (Keeling) Islands,AUD,Australian Dollar,$,0,AS,61,FALSE,West Island
CD,Congo Democratic,CDF,Congolese Franc,Fr,0,AF,243,FALSE,Kinshasa
CF,Central African Republic,XAF,CFA Franc BEAC,Fr,0,AF,236,FALSE,Bangui
CG,Congo,XAF,CFA Franc BEAC,Fr,0,AF,242,FALSE,Brazzaville
CH,Switzerland,CHF,Swiss Franc,Fr,1,EU,41,FALSE,Bern
CI,Cote d'Ivoire,XOF,CFA Franc BCEAO,Fr,0,AF,225,FALSE,Yamoussoukro
CK,Cook Islands,NZD,New Zealand Dollar,$,0,OC,682,FALSE,Avarua
CL,Chile,CLP,Chilean Peso,$,0,SA,56,FALSE,Santiago
CM,Cameroon,XAF,CFA Franc BEAC,Fr,0,AF,237,FALSE,Yaounde
CN,China,CNY,Yuan Renminbi,¥,0,AS,86,FALSE,Beijing
CO,Colombia,COP,Colombian Peso,$,0,SA,57,FALSE,Bogota
CR,Costa Rica,CRC,Costa Rican Colon,₡,0,NA,506,FALSE,San Jose
CU,Cuba,CUP,Cuban Peso,$,0,NA,53,FALSE,Havana
CV,Cape Verde,CVE,Cape Verde Escudo,Esc or $,0,AF,238,FALSE,Praia
CW,Curacao,ANG,Netherlands Antillean Guilder,ƒ,0,SA,,FALSE,Willemstad
CX,Christmas Island,AUD,Australian Dollar,$,0,AS,53,FALSE,The Settlement
CY,Cyprus,EUR,Euro,€,0,AS,357,TRUE,Nicosia
CZ,Czech Republic,CZK,Czech Koruna,Kč,0,EU,420,TRUE,Prague
DE,Germany,EUR,Euro,€,1,EU,49,TRUE,Berlin
DJ,Djibouti,DJF,Djibouti Franc,Fr,0,AF,253,FALSE,Djibouti
DK,Denmark,DKK,Danish Krone,kr,0,EU,45,TRUE,Copenhagen
DM,Dominica,XCD,East Caribbean Dollar,$,0,NA,-766,FALSE,Roseau
DO,Dominican Republic,DOP,Dominican Peso,$,0,NA,+1-809 and +1-829  ,FALSE,Santo Domingo
DZ,Algeria,DZD,Algerian Dinar,د.ج,0,AF,213,FALSE,Algiers
EC,Ecuador,USD,US Dollar,$,0,SA,593,FALSE,Quito
EE,Estonia,EUR,Euro,€,0,EU,372,TRUE,Tallinn
EG,Egypt,EGP,Egyptian Pound,£ or ج.م,0,AF,20,FALSE,Cairo
EH,Western Sahara,MAD,Moroccan Dirham,Dhs,0,AF,,FALSE,El-Aaiún
ER,Eritrea,ERN,Nakfa,Nfk,0,AF,291,FALSE,Asmara
ES,Spain,EUR,Euro,€,0,EU,34,TRUE,Madrid
ET,Ethiopia,ETB,Ethiopian Birr,Br,0,AF,251,FALSE,Addis Ababa
FI,Finland,EUR,Euro,€,0,EU,358,TRUE,Helsinki
FJ,Fiji,FJD,Fiji Dollar,$,0,OC,679,FALSE,Suva
FK,Falkland Islands (Malvinas),FKP,Falkland Islands Pound,£,0,SA,500,FALSE,Stanley
FM,Micronesia,,,$,0,OC,691,FALSE,Palikir
FO,Faroe Islands,DKK,Danish Krone,kr,0,EU,298,FALSE,Torshavn
FR,France,EUR,Euro,€,0,EU,33,TRUE,Paris
GA,Gabon,XAF,CFA Franc BEAC,Fr,0,AF,241,FALSE,Libreville
GB,United Kingdom,GBP,Pound Sterling,£,1,EU,44,FALSE,London
GD,Grenada,XCD,East Caribbean Dollar,$,0,NA,-472,FALSE,Saint George's
GE,Georgia,GEL,Lari,ლ,0,AS,995,FALSE,Tbilisi
GF,French Guiana,EUR,Euro,€,0,SA,594,FALSE,
GG,Guernsey,GBP,Pound Sterling,£,0,EU,,FALSE,Saint Peter Port
GH,Ghana,GHS,Ghana Cedi,₵,0,AF,233,FALSE,Accra
GI,Gibraltar,GIP,Gibraltar Pound,£,0,EU,350,FALSE,Gibraltar
GL,Greenland,DKK,Danish Krone,kr,0,NA,299,FALSE,Nuuk
GM,Gambia,GMD,Dalasi,,0,AF,220,FALSE,Banjul
GN,Guinea,GNF,Guinea Franc,Fr,0,AF,224,FALSE,Conakry
GP,Guadeloupe,EUR,Euro,€,0,NA,590,FALSE,
GQ,Equatorial Guinea,XAF,CFA Franc BEAC,Fr,0,AF,240,FALSE,Malabo
GR,Greece,EUR,Euro,€,0,EU,30,TRUE,Athens
GS,South Georgia,,,,0,AN,,FALSE,King Edward Point
GT,Guatemala,GTQ,Quetzal,Q,0,NA,502,FALSE,Guatemala City
GU,Guam,USD,US Dollar,$,0,OC,-670,FALSE,Hagatna
GW,Guinea-Bissau,XOF,CFA Franc BCEAO,Fr,0,AF,245,FALSE,Bissau
GY,Guyana,GYD,Guyana Dollar,$,0,SA,592,FALSE,Georgetown
HK,Hong Kong,HKD,Hong Kong Dollar,$,0,AS,852,FALSE,
HM,Heard Island,AUD,Australian Dollar,$,0,AN,,FALSE,
HN,Honduras,HNL,Lempira,L,0,NA,504,FALSE,Tegucigalpa
HR,Croatia,HRK,Croatian Kuna,kn,0,EU,385,TRUE,Zagreb
HT,Haiti,HTG,Gourde,G,0,NA,509,FALSE,Port-au-Prince
HU,Hungary,HUF,Forint,Ft,0,EU,36,TRUE,Budapest
ID,Indonesia,IDR,Rupiah,Rp,0,AS,62,FALSE,Jakarta
IE,Ireland,EUR,Euro,€,0,EU,353,TRUE,Dublin
IL,Israel,ILS,New Israeli Sheqel,₪,0,AS,972,FALSE,Jerusalem
IM,Isle of Man,GBP,Pound Sterling,£,0,EU,,FALSE,Douglas
IN,India,INR,Indian Rupee,INR,0,AS,91,FALSE,New Delhi
IO,British Indian Ocean Territory,USD,US Dollar,$,0,AS,,FALSE,Diego Garcia
IQ,Iraq,IQD,Iraqi Dinar,ع.د,0,AS,964,FALSE,Baghdad
IR,Iran,IRR,Iranian Rial,﷼,0,AS,98,FALSE,Tehran
IS,Iceland,ISK,Iceland Krona,kr,0,EU,354,FALSE,Reykjavik
IT,Italy,EUR,Euro,€,0,EU,39,TRUE,Rome
JE,Jersey,GBP,Pound Sterling,£,0,EU,,FALSE,Saint Helier
JM,Jamaica,JMD,Jamaican Dollar,$,0,NA,-875,FALSE,Kingston
JO,Jordan,JOD,Jordanian Dinar,د.ا,0,AS,962,FALSE,Amman
JP,Japan,JPY,Yen,¥,0,AS,81,FALSE,Tokyo
KE,Kenya,KES,Kenyan Shilling,Sh,0,AF,254,FALSE,Nairobi
KG,Kyrgyzstan,KGS,Som,лв,0,AS,996,FALSE,Bishkek
KH,Cambodia,KHR,Riel,៛,0,AS,855,FALSE,Phnom Penh
KI,Kiribati,AUD,Australian Dollar,$,0,OC,686,FALSE,Tarawa
KM,Comoros,KMF,Comoro Franc,Fr,0,AF,269,FALSE,Moroni
KN,Saint Kitts and Nevis,XCD,East Caribbean Dollar,$,0,NA,-868,FALSE,Basseterre
KP,Korea,KPW,North Korean Won,₩,0,AS,850,FALSE,Pyongyang
KR,Korea,KRW,Won,₩,0,AS,82,FALSE,Seoul
KW,Kuwait,KWD,Kuwaiti Dinar,د.ك,0,AS,965,FALSE,Kuwait City
KY,Cayman Islands,KYD,Cayman Islands Dollar,$,0,NA,-344,FALSE,George Town
KZ,Kazakhstan,KZT,Tenge,₸,0,AS,7,FALSE,Astana
LA,Lao People's Democratic Republic,LAK,Kip,₭,0,AS,856,FALSE,Vientiane
LB,Lebanon,LBP,Lebanese Pound,ل.ل,0,AS,961,FALSE,Beirut
LC,Saint Lucia,XCD,East Caribbean Dollar,$,0,NA,-757,FALSE,Castries
LI,Liechtenstein,CHF,Swiss Franc,Fr,0,EU,423,FALSE,Vaduz
LK,Sri Lanka,LKR,Sri Lanka Rupee,Rs,0,AS,94,FALSE,Colombo
LR,Liberia,LRD,Liberian Dollar,$,0,AF,231,FALSE,Monrovia
LS,Lesotho,LSL,Loti,L,0,AF,266,FALSE,Maseru
LT,Lithuania,LTL,Lithuanian Litas,Lt,0,EU,370,TRUE,Vilnius
LU,Luxembourg,EUR,Euro,€,0,EU,352,TRUE,Luxembourg
LV,Latvia,LVL,Latvian Lats,Ls,0,EU,371,TRUE,Riga
LY,Libyan Arab Jamahiriya,LYD,Libyan Dinar,,0,AF,218,FALSE,Tripoli
MA,Morocco,MAD,Moroccan Dirham,د.م.,0,AF,212,FALSE,Rabat
MC,Monaco,EUR,Euro,€,0,EU,377,FALSE,Monaco
MD,Moldova,MDL,Moldovan Leu,L,0,EU,373,FALSE,Chisinau
ME,Montenegro,EUR,Euro,€,0,EU,,FALSE,Podgorica
MF,Saint Martin,EUR,Euro,€,0,NA,,FALSE,Marigot
MG,Madagascar,MGA,Malagasy Ariary,Ar,0,AF,261,FALSE,Antananarivo
MH,Marshall Islands,USD,US Dollar,$,0,OC,692,FALSE,Majuro
MK,Macedonia,MKD,Denar,ден,0,EU,389,FALSE,Skopje
ML,Mali,XOF,CFA Franc BCEAO,Fr,0,AF,223,FALSE,Bamako
MM,Myanmar,MMK,Kyat,K,0,AS,95,FALSE,Rangoon
MN,Mongolia,MNT,Tugrik,₮,0,AS,976,FALSE,Ulaanbaatar
MO,Macao,MOP,Pataca,MOP$,0,AS,853,FALSE,
MP,Northern Mariana Islands,USD,US Dollar,$,0,OC,-669,FALSE,Saipan
MQ,Martinique,EUR,Euro,€,0,NA,596,FALSE,
MR,Mauritania,MRO,Ouguiya,UM,0,AF,222,FALSE,Nouakchott
MS,Montserrat,XCD,East Caribbean Dollar,$,0,NA,-663,FALSE,Plymouth
MT,Malta,EUR,Euro,€,0,EU,356,TRUE,Valletta
MU,Mauritius,MUR,Mauritius Rupee,₨,0,AF,230,FALSE,Port Louis
MV,Maldives,MVR,Rufiyaa,.ރ,0,AS,960,FALSE,Male
MW,Malawi,MWK,Kwacha,MK,0,AF,265,FALSE,Lilongwe
MX,Mexico,MXN,Mexican Peso,$,0,NA,52,FALSE,Mexico City
MY,Malaysia,MYR,Malaysian Ringgit,RM,0,AS,60,FALSE,Kuala Lumpur
MZ,Mozambique,MZN,Mozambique Metical,MT,0,AF,258,FALSE,Maputo
NA,Namibia,NAD,Namibia Dollar,$,0,AF,264,FALSE,Windhoek
NC,New Caledonia,XPF,CFP Franc,Fr,0,OC,687,FALSE,Noumea
NE,Niger,XOF,CFA Franc BCEAO,Fr,0,AF,227,FALSE,Niamey
NF,Norfolk Island,AUD,Australian Dollar,$,0,OC,672,FALSE,Kingston
NG,Nigeria,NGN,Naira,₦,0,AF,234,FALSE,Abuja
NI,Nicaragua,NIO,Cordoba Oro,C$,0,NA,505,FALSE,Managua
NL,Netherlands,EUR,Euro,€,0,EU,31,TRUE,Amsterdam
NO,Norway,NOK,Norwegian Krone,kr,0,EU,47,FALSE,Oslo
NP,Nepal,NPR,Nepalese Rupee,₨,0,AS,977,FALSE,Kathmandu
NR,Nauru,AUD,Australian Dollar,$,0,OC,674,FALSE,Yaren
NU,Niue,NZD,New Zealand Dollar,$,0,OC,683,FALSE,Alofi
NZ,New Zealand,NZD,New Zealand Dollar,$,0,OC,64,FALSE,Wellington
OM,Oman,OMR,Rial Omani,ر.ع.,0,AS,968,FALSE,Muscat
PA,Panama,PAB,Balboa,B/.,0,NA,507,FALSE,Panama City
PE,Peru,PEN,Nuevo Sol,S/.,0,SA,51,FALSE,Lima
PF,French Polynesia,XPF,CFP Franc,Fr,0,OC,689,FALSE,Papeete
PG,Papua New Guinea,PGK,Kina,K,0,OC,675,FALSE,Port Moresby
PH,Philippines,PHP,Philippine Peso,₱,0,AS,63,FALSE,Manila
PK,Pakistan,PKR,Pakistan Rupee,₨,0,AS,92,FALSE,Islamabad
PL,Poland,PLN,Zloty,zł,0,EU,48,TRUE,Warsaw
PM,Saint Pierre and Miquelon,EUR,Euro,€,0,NA,508,FALSE,Saint-Pierre
PN,Pitcairn,NZD,New Zealand Dollar,$,0,OC,,FALSE,Adamstown
PR,Puerto Rico,USD,US Dollar,$,0,NA,+1-787 or +1-939,FALSE,San Juan
PS,Palestinian Territory,,,,0,AS,970,FALSE,Jerusalem
PT,Portugal,EUR,Euro,€,0,EU,351,TRUE,Lisbon
PW,Palau,,,$,0,OC,680,FALSE,Melekeok
PY,Paraguay,PYG,Guarani,₲,0,SA,595,FALSE,Asuncion
QA,Qatar,QAR,Qatari Rial,ر.ق,0,AS,974,FALSE,Doha
RE,Reunion,EUR,Euro,€,0,AF,262,FALSE,
RO,Romania,RON,New Romanian Leu,L,0,EU,40,TRUE,Bucharest
RS,Serbia,RSD,Serbian Dinar,дин. or din.,0,EU,,FALSE,Belgrade
RU,Russian Federation,RUB,Russian Ruble,руб,0,AS,7,FALSE,Moscow
RW,Rwanda,RWF,Rwanda Franc,Fr,0,AF,250,FALSE,Kigali
SA,Saudi Arabia,SAR,Saudi Riyal,ر.س,0,AS,966,FALSE,Riyadh
SB,Solomon Islands,SBD,Solomon Islands Dollar,$,0,OC,677,FALSE,Honiara
SC,Seychelles,SCR,Seychelles Rupee,₨,0,AF,248,FALSE,Victoria
SD,Sudan,SDG,Sudanese Pound,£,0,AF,249,FALSE,Khartoum
SE,Sweden,SEK,Swedish Krona,kr,0,EU,46,TRUE,Stockholm
SG,Singapore,BND,Brunei Dollar,$,0,AS,65,FALSE,Singapore
SH,Saint Helena,SHP,Saint Helena Pound,£,0,AF,290,FALSE,Jamestown
SI,Slovenia,EUR,Euro,€,0,EU,386,TRUE,Ljubljana
SJ,Svalbard and Jan Mayen,NOK,Norwegian Krone,kr,0,EU,,FALSE,Longyearbyen
SK,Slovakia,EUR,Euro,€,0,EU,421,TRUE,Bratislava
SL,Sierra Leone,SLL,Leone,Le,0,AF,232,FALSE,Freetown
SM,San Marino,EUR,Euro,€,0,EU,378,FALSE,San Marino
SN,Senegal,XOF,CFA Franc BCEAO,Fr,0,AF,221,FALSE,Dakar
SO,Somalia,SOS,Somali Shilling,Sh,0,AF,252,FALSE,Mogadishu
SR,Suriname,SRD,Surinam Dollar,$,0,SA,597,FALSE,Paramaribo
ST,Sao Tome and Principe,STD,Dobra,Db,0,AF,239,FALSE,Sao Tome
SV,El Salvador,SVC,El Salvador Colon,₡,0,NA,503,FALSE,San Salvador
SX,Sint Maarten,ANG,Netherlands Antillean Guilder,ƒ,0,NA,,FALSE,Philipsburg
SY,Syrian Arab Republic,SYP,Syrian Pound,£,0,AS,963,FALSE,Damascus
SZ,Swaziland,SZL,Lilangeni,L,0,AF,268,FALSE,Mbabane
TC,Turks and Caicos Islands,USD,US Dollar,$,0,NA,-648,FALSE,Grand Turk
TD,Chad,XAF,CFA Franc BEAC,Fr,0,AF,235,FALSE,N'Djamena
TF,French Southern Territories,EUR,Euro,€,0,AN,,FALSE,Port-aux-Français
TG,Togo,XOF,CFA Franc BCEAO,Fr,0,AF,,FALSE,Lome
TH,Thailand,THB,Baht,฿,0,AS,66,FALSE,Bangkok
TJ,Tajikistan,TJS,Somoni,ЅМ,0,AS,992,FALSE,Dushanbe
TK,Tokelau,NZD,New Zealand Dollar,$,0,OC,690,FALSE,Atafu
TL,Timor-Leste,USD,US Dollar,$,0,AS,,FALSE,Dili
TM,Turkmenistan,TMM,Turkmenistan New Manat,m,0,AS,993,FALSE,Ashgabat
TN,Tunisia,TND,Tunisian Dinar,د.ت,0,AF,216,FALSE,Tunis
TO,Tonga,TOP,Pa’anga,T$,0,OC,676,FALSE,Nuku'alofa
TR,Turkey,TRY,Turkish Lira,Turkish lira symbol black.svg,0,EU,90,FALSE,Ankara
TT,Trinidad and Tobago,TTD,Trinidad and Tobago Dollar,$,0,NA,-867,FALSE,Port of Spain
TV,Tuvalu,AUD,Australian Dollar,$,0,OC,688,FALSE,Funafuti
TW,Taiwan,TWD,New Taiwan Dollar,$,0,AS,886,FALSE,Taipei
TZ,Tanzania,TZS,Tanzanian Shilling,Sh,0,AF,255,FALSE,Dar es Salaam
UA,Ukraine,UAH,Hryvnia,₴,0,EU,380,FALSE,Kyiv
UG,Uganda,UGX,Uganda Shilling,Sh,0,AF,256,FALSE,Kampala
UM,United States Minor Outlying Islands,USD,US Dollar,$,0,OC,,FALSE,
US,United States,USD,US Dollar,$,2,NA,1,FALSE,Washington
UY,Uruguay,UYU,Peso Uruguayo,$,0,SA,598,FALSE,Montevideo
UZ,Uzbekistan,UZS,Uzbekistan Sum,лв,0,AS,998,FALSE,Tashkent
VA,Holy See (Vatican City State),EUR,Euro,€,0,EU,418,FALSE,Vatican City
VC,Saint Vincent and the Grenadines,XCD,East Caribbean Dollar,$,0,NA,-783,FALSE,Kingstown
VE,Venezuela,VEF,Bolivar Fuerte,Bs F,0,SA,58,FALSE,Caracas
VG,Virgin Islands,USD,US Dollar,$,0,NA,,FALSE,Road Town
VI,Virgin Islands,USD,US Dollar,$,0,NA,-283,FALSE,Charlotte Amalie
VN,Vietnam,VND,Dong,₫,0,AS,84,FALSE,Hanoi
VU,Vanuatu,VUV,Vatu,Vt,0,OC,678,FALSE,Port-Vila
WF,Wallis and Futuna,XPF,CFP Franc,Fr,0,OC,681,FALSE,Mata-Utu
WS,Samoa,WST,Tala,T,0,OC,685,FALSE,Apia
YE,Yemen,YER,Yemeni Rial,﷼,0,AS,967,FALSE,Sanaa
YT,Mayotte,EUR,Euro,€,0,AF,269,FALSE,
ZA,South Africa,ZAR,Rand,R,0,AF,27,FALSE,Pretoria
ZM,Zambia,ZMK,Zambian Kwacha,ZK,0,AF,260,FALSE,Lusaka
ZW,Zimbabwe,BWP,Pula,P,0,AF,263,FALSE,Harare
SS,South Sudan ,GBP ,South Sudanese pound ,£,0,AF,211,FALSE,
XK,Kosovo ,EUR,Euro,€,0,EU,383,FALSE,
